first_name,last_name,email,gender,fitness_test_date
Kim,Walter,KimWalter58@gmail.com,female,2017-07-03
Tom,Webster,TW3857@gmail.com,male,2017-07-02
Marcus,Bauer,Marcus.Bauer@gmail.com,male,2017-07-01
Roberta,Best,RB6305@hotmail.com,female,2017-07-02
Carrie,Francis,CF1896@hotmail.com,female,2017-07-05
Teresa,Yates,TYates1988@gmail.com,female,2017-07-02
Salvador,Cardenas,SCardenas1980@gmail.com,male,2017-07-07
Valerie,Munoz,VMunoz1998@gmail.com,female,2017-07-03
Jeremy,Howe,JHowe1982@gmail.com,male,2017-07-06
Joel,Combs,JC9481@gmail.com,male,2017-07-01
Nancy,Morin,Nancy.Morin@gmail.com,female,2017-07-05
Lorraine,Lindsay,LL3161@gmail.com,female,2017-07-05
Carla,Guerrero,CG6354@gmail.com,female,2017-07-03
Andy,Roberson,ARoberson1972@yahoo.com,male,2017-07-05
Arnold,Madden,AMadden1998@gmail.com,male,2017-07-01
Morris,Lott,ML9504@gmail.com,male,2017-07-03
Clifford,Guthrie,Clifford.Guthrie@gmail.com,male,2017-07-04
Luis,Hewitt,LuisHewitt70@gmail.com,male,2017-07-06
George,Boone,GeorgeBoone55@gmail.com,male,2017-07-03
Anne,Velez,AV8351@gmail.com,female,2017-07-06
Christina,Whitley,ChristinaWhitley36@gmail.com,female,2017-07-02
Connie,Cleveland,CCleveland1986@outlook.com,female,2017-07-01
Leon,Spence,LS5927@gmail.com,male,2017-07-03
Bobby,Ayers,Bobby.Ayers@gmail.com,male,2017-07-04
Philip,Santana,Philip.Santana@outlook.com,male,2017-07-07
Lewis,Huber,LHuber1993@gmail.com,male,2017-07-07
Viola,Owen,ViolaOwen38@gmail.com,female,2017-07-05
Raymond,Conley,RC7718@gmail.com,male,2017-07-04
Franklin,Mays,Franklin.Mays@gmail.com,male,2017-07-07
Yvonne,Nicholson,YvonneNicholson61@gmail.com,female,2017-07-03
Deborah,Whitfield,DW3195@gmail.com,female,2017-07-03
Diane,Shields,DianeShields31@outlook.com,female,2017-07-03
Allen,Golden,Allen.Golden@gmail.com,male,2017-07-03
Clayton,Greer,ClaytonGreer50@gmail.com,male,2017-07-07
Kristen,Randolph,KristenRandolph13@outlook.com,female,2017-07-06
Danny,Velazquez,DV3950@outlook.com,male,2017-07-07
Eugene,Benson,EB4633@gmail.com,male,2017-07-16
Lois,Lott,Lois.Lott@gmail.com,female,2017-07-15
Terry,Mercado,TM7590@gmail.com,male,2017-07-13
Norma,Ballard,Norma.Ballard@gmail.com,female,2017-07-13
Julia,Gill,JuliaGill99@gmail.com,female,2017-07-13
Sara,Lyons,SL5778@gmail.com,female,2017-07-16
Kristin,Joseph,KJoseph1971@gmail.com,female,2017-07-16
Pedro,Hancock,PHancock1973@gmail.com,male,2017-07-16
Sandra,Carney,SandraCarney54@yahoo.com,female,2017-07-14
Christopher,Kline,CK4291@gmail.com,male,2017-07-10
Bruce,Floyd,BruceFloyd71@outlook.com,male,2017-07-15
Monica,Monroe,MM8775@gmail.com,female,2017-07-14
Ernest,Swanson,Ernest.Swanson@gmail.com,male,2017-07-16
