first_name,last_name,email,gender,visit_date
Karen,Manning,Karen.Manning@gmail.com,female,5-1-17
Annette,Boone,AB9982@gmail.com,female,5-1-17
Salvador,Merritt,SalvadorMerritt12@outlook.com,male,5-1-17
Martha,Maxwell,Martha.Maxwell@gmail.com,female,5-1-17
Andre,Mayer,AndreMayer90@gmail.com,male,5-1-17
Herman,Ratliff,HRatliff1977@gmail.com,male,5-1-17
Steven,Conrad,StevenConrad27@gmail.com,male,5-1-17
Shane,Lindsey,Shane.Lindsey@gmail.com,male,5-1-17
Luis,Landry,LuisLandry78@gmail.com,male,5-1-17
Carolyn,Garrison,Carolyn.Garrison@gmail.com,female,5-1-17
Jay,Winters,JayWinters12@gmail.com,male,5-1-17
Willie,Moses,WillieMoses86@gmail.com,male,5-1-17
Ethel,Farmer,Ethel.Farmer@hotmail.com,female,5-1-17
Vivian,Reilly,VR5304@gmail.com,female,5-1-17
Bertha,Faulkner,BF6636@gmail.com,female,5-1-17
Lewis,Morse,LewisMorse44@gmail.com,male,5-1-17
Virginia,Garrison,VGarrison1983@yahoo.com,female,5-1-17
Tanya,Kemp,TK2236@gmail.com,female,5-1-17
Stacy,Montoya,SMontoya1975@yahoo.com,female,5-1-17
Terry,Joseph,TJoseph1972@gmail.com,male,5-1-17
Misty,Frank,MistyFrank99@gmail.com,female,5-1-17
Gabriel,Parrish,GabrielParrish14@gmail.com,male,5-1-17
Brandon,Dillard,BrandonDillard34@hotmail.com,male,5-1-17
Mattie,Emerson,ME3193@gmail.com,female,5-1-17
Carole,Blevins,CaroleBlevins30@gmail.com,female,5-10-17
Floyd,Wolfe,FWolfe1985@gmail.com,male,5-10-17
Gloria,Pruitt,GPruitt1991@gmail.com,female,5-10-17
Naomi,Valenzuela,Naomi.Valenzuela@gmail.com,female,5-10-17
Lonnie,Mccarthy,LM8222@gmail.com,male,5-10-17
Margaret,Gaines,MGaines1978@gmail.com,female,5-10-17
Marshall,Carey,MCarey1991@gmail.com,male,5-10-17
Anthony,Carrillo,Anthony.Carrillo@gmail.com,male,5-10-17
Mae,Wolf,Mae.Wolf@gmail.com,female,5-10-17
Louis,Roberson,LRoberson1995@gmail.com,male,5-10-17
Andy,Todd,AT6312@gmail.com,male,5-10-17
Lisa,Blake,Lisa.Blake@gmail.com,female,5-10-17
Harry,Kane,HK8102@gmail.com,male,5-10-17
Marian,Dillon,MD3671@gmail.com,female,5-11-17
Edwin,Randall,Edwin.Randall@gmail.com,male,5-11-17
Wendy,Ochoa,WOchoa1996@gmail.com,female,5-11-17
Gertrude,Booker,Gertrude.Booker@gmail.com,female,5-11-17
Ivan,Albert,Ivan.Albert@gmail.com,male,5-11-17
Glenn,Finch,Glenn.Finch@gmail.com,male,5-11-17
Christine,Nash,CN3802@yahoo.com,female,5-11-17
Jeff,Houston,JH5145@gmail.com,male,5-11-17
Ross,Robbins,RossRobbins73@gmail.com,male,5-11-17
Louise,Skinner,Louise.Skinner@gmail.com,female,5-11-17
Leon,Bullock,LeonBullock97@gmail.com,male,5-11-17
